s1489407481x17867fcbaba115x68748903,0.402920,0
s1489407481x17867fcbaba115x68748903,0.578642,1
s1489407481x17867fcbaba115x68748903,0.637180,1
s1489407481x17867fcbaba115x68748903,0.733217,2
s1489407481x17867fcbaba115x68748903,0.822306,2
s1489407481x17867fcbaba115x68748903,0.938217,2
s1489407481x17867fcbaba115x68748903,1.034881,2
s1489407481x17867fcbaba115x68748903,1.133983,2
s1489407481x17867fcbaba115x68748903,1.242281,1
s1489407481x17867fcbaba115x68748903,1.335254,1
s1489407481x17867fcbaba115x68748903,1.420458,1
s1489407481x17867fcbaba115x68748903,1.513365,1
s1489407481x17867fcbaba115x68748903,1.636951,2
s1489407481x17867fcbaba115x68748903,1.746317,2
s1489407481x17867fcbaba115x68748903,1.847924,2
s1489407481x17867fcbaba115x68748903,1.917387,2
s1489407481x17867fcbaba115x68748903,2.016145,2
s1489407481x17867fcbaba115x68748903,2.113607,1
s1489407481x17867fcbaba115x68748903,2.213972,358
s1489407481x17867fcbaba115x68748903,2.313324,358
s1489407481x17867fcbaba115x68748903,2.417398,358
s1489407481x17867fcbaba115x68748903,2.530336,357
s1489407481x17867fcbaba115x68748903,2.613378,358
s1489407481x17867fcbaba115x68748903,2.743705,358
s1489407481x17867fcbaba115x68748903,2.825073,358
s1489407481x17867fcbaba115x68748903,2.917207,357
s1489407481x17867fcbaba115x68748903,3.022175,356
s1489407481x17867fcbaba115x68748903,3.113359,355
s1489407481x17867fcbaba115x68748903,3.246609,354
s1489407481x17867fcbaba115x68748903,3.339453,352
s1489407481x17867fcbaba115x68748903,3.424712,351
s1489407481x17867fcbaba115x68748903,3.535126,349
s1489407481x17867fcbaba115x68748903,3.633796,347
s1489407481x17867fcbaba115x68748903,3.713354,346
s1489407481x17867fcbaba115x68748903,3.815139,344
s1489407481x17867fcbaba115x68748903,3.913485,343
s1489407481x17867fcbaba115x68748903,4.016744,343
s1489407481x17867fcbaba115x68748903,4.139054,343
s1489407481x17867fcbaba115x68748903,4.227678,344
s1489407481x17867fcbaba115x68748903,4.315413,344
s1489407481x17867fcbaba115x68748903,4.415161,344
s1489407481x17867fcbaba115x68748903,4.519877,344
s1489407481x17867fcbaba115x68748903,4.621625,344
s1489407481x17867fcbaba115x68748903,4.734784,344
s1489407481x17867fcbaba115x68748903,4.848462,344
s1489407481x17867fcbaba115x68748903,4.934444,346
s1489407481x17867fcbaba115x68748903,5.038130,349
s1489407481x17867fcbaba115x68748903,5.124721,354
s1489407481x17867fcbaba115x68748903,5.218082,355
s1489407481x17867fcbaba115x68748903,5.323329,356
s1489407481x17867fcbaba115x68748903,5.420374,357
s1489407481x17867fcbaba115x68748903,5.525639,358
s1489407481x17867fcbaba115x68748903,5.630676,357
s1489407481x17867fcbaba115x68748903,5.720659,357
s1489407481x17867fcbaba115x68748903,5.813677,357
s1489407481x17867fcbaba115x68748903,5.932051,356
s1489407481x17867fcbaba115x68748903,6.013825,2
s1489407481x17867fcbaba115x68748903,6.113570,27
s1489407481x17867fcbaba115x68748903,6.213461,43
s1489407481x17867fcbaba115x68748903,6.326901,49
s1489407481x17867fcbaba115x68748903,6.413855,49
s1489407481x17867fcbaba115x68748903,6.538059,49
s1489407481x17867fcbaba115x68748903,6.635776,49
s1489407481x17867fcbaba115x68748903,6.747116,50
s1489407481x17867fcbaba115x68748903,6.814424,55
s1489407481x17867fcbaba115x68748903,6.915713,58
s1489407481x17867fcbaba115x68748903,7.018609,57
s1489407481x17867fcbaba115x68748903,7.125249,57
s1489407481x17867fcbaba115x68748903,7.218622,57
s1489407481x17867fcbaba115x68748903,7.318050,63
s1489407481x17867fcbaba115x68748903,7.419775,71
s1489407481x17867fcbaba115x68748903,7.520906,74
s1489407481x17867fcbaba115x68748903,7.621056,80
s1489407481x17867fcbaba115x68748903,7.721665,92
s1489407481x17867fcbaba115x68748903,7.880321,92
s1489407481x17867fcbaba115x68748903,7.929424,92
s1489407481x17867fcbaba115x68748903,8.024612,92
s1489407481x17867fcbaba115x68748903,8.120432,92
s1489407481x17867fcbaba115x68748903,8.224405,94
s1489407481x17867fcbaba115x68748903,8.313721,97
s1489407481x17867fcbaba115x68748903,8.413472,96
s1489407481x17867fcbaba115x68748903,8.513532,96
s1489407481x17867fcbaba115x68748903,8.613632,96
s1489407481x17867fcbaba115x68748903,8.713531,96
s1489407481x17867fcbaba115x68748903,8.814887,96
s1489407481x17867fcbaba115x68748903,8.917864,96
s1489407481x17867fcbaba115x68748903,9.017742,95
s1489407481x17867fcbaba115x68748903,9.117823,91
s1489407481x17867fcbaba115x68748903,9.216015,83
s1489407481x17867fcbaba115x68748903,9.315955,84
s1489407481x17867fcbaba115x68748903,9.446123,84
s1489407481x17867fcbaba115x68748903,9.576298,84
s1489407481x17867fcbaba115x68748903,9.621861,74
s1489407481x17867fcbaba115x68748903,9.718586,51
s1489407481x17867fcbaba115x68748903,9.842143,51
s1489407481x17867fcbaba115x68748903,9.919484,51
s1489407481x17867fcbaba115x68748903,10.024379,51
s1489407481x17867fcbaba115x68748903,10.141105,49
s1489407481x17867fcbaba115x68748903,10.223306,16
s1489407481x17867fcbaba115x68748903,10.325601,12
s1489407481x17867fcbaba115x68748903,10.422047,12
s1489407481x17867fcbaba115x68748903,10.538274,12
s1489407481x17867fcbaba115x68748903,10.646865,12
s1489407481x17867fcbaba115x68748903,10.716335,10
s1489407481x17867fcbaba115x68748903,10.813431,340
s1489407481x17867fcbaba115x68748903,10.913569,327
s1489407481x17867fcbaba115x68748903,11.015890,327
s1489407481x17867fcbaba115x68748903,11.139056,327
s1489407481x17867fcbaba115x68748903,11.218217,327
s1489407481x17867fcbaba115x68748903,11.331045,327
s1489407481x17867fcbaba115x68748903,11.417953,327
s1489407481x17867fcbaba115x68748903,11.515772,327
s1489407481x17867fcbaba115x68748903,11.620501,327
s1489407481x17867fcbaba115x68748903,11.743022,327
s1489407481x17867fcbaba115x68748903,11.844540,327
s1489407481x17867fcbaba115x68748903,11.942826,326
s1489407481x17867fcbaba115x68748903,12.042010,326
s1489407481x17867fcbaba115x68748903,12.118903,326
s1489407481x17867fcbaba115x68748903,12.237438,326
s1489407481x17867fcbaba115x68748903,12.319751,326
s1489407481x17867fcbaba115x68748903,12.420061,326
s1489407481x17867fcbaba115x68748903,12.535249,328
s1489407481x17867fcbaba115x68748903,12.627628,351
s1489407481x17867fcbaba115x68748903,12.723447,11
s1489407481x17867fcbaba115x68748903,12.824136,16
s1489407481x17867fcbaba115x68748903,12.938981,16
s1489407481x17867fcbaba115x68748903,13.035629,16
s1489407481x17867fcbaba115x68748903,13.114866,16
s1489407481x17867fcbaba115x68748903,13.214743,16
s1489407481x17867fcbaba115x68748903,13.315147,12
s1489407481x17867fcbaba115x68748903,13.415546,354
s1489407481x17867fcbaba115x68748903,13.516339,351
s1489407481x17867fcbaba115x68748903,13.646529,350
s1489407481x17867fcbaba115x68748903,13.713731,350
s1489407481x17867fcbaba115x68748903,13.816421,350
s1489407481x17867fcbaba115x68748903,13.913803,349
s1489407481x17867fcbaba115x68748903,14.034061,349
s1489407481x17867fcbaba115x68748903,14.120877,349
s1489407481x17867fcbaba115x68748903,14.214019,349
s1489407481x17867fcbaba115x68748903,14.317014,348
s1489407481x17867fcbaba115x68748903,14.421715,348
s1489407481x17867fcbaba115x68748903,14.515551,348
s1489407481x17867fcbaba115x68748903,14.627143,348
s1489407481x17867fcbaba115x68748903,14.726858,348
s1489407481x17867fcbaba115x68748903,14.823311,348
s1489407481x17867fcbaba115x68748903,14.922009,350
s1489407481x17867fcbaba115x68748903,15.029924,352
s1489407481x17867fcbaba115x68748903,15.129270,353
s1489407481x17867fcbaba115x68748903,15.225268,358
s1489407481x17867fcbaba115x68748903,15.323236,12
s1489407481x17867fcbaba115x68748903,15.413792,22
s1489407481x17867fcbaba115x68748903,15.514124,27
s1489407481x17867fcbaba115x68748903,15.613795,32
s1489407481x17867fcbaba115x68748903,15.714060,34
s1489407481x17867fcbaba115x68748903,15.813980,35
s1489407481x17867fcbaba115x68748903,15.913804,35
s1489407481x17867fcbaba115x68748903,16.013823,35
s1489407481x17867fcbaba115x68748903,16.147344,35
s1489407481x17867fcbaba115x68748903,16.241219,35
s1489407481x17867fcbaba115x68748903,16.320931,35
s1489407481x17867fcbaba115x68748903,16.436592,35
s1489407481x17867fcbaba115x68748903,16.544114,35
s1489407481x17867fcbaba115x68748903,16.624604,35
s1489407481x17867fcbaba115x68748903,16.719761,35
s1489407481x17867fcbaba115x68748903,16.821864,36
s1489407481x17867fcbaba115x68748903,16.938018,36
s1489407481x17867fcbaba115x68748903,17.030151,36
s1489407481x17867fcbaba115x68748903,17.122828,36
s1489407481x17867fcbaba115x68748903,17.224481,35
s1489407481x17867fcbaba115x68748903,17.322677,0
s1489407481x17867fcbaba115x68748903,17.425005,0
s1489407481x17867fcbaba115x68748903,17.542535,0
s1489407481x17867fcbaba115x68748903,17.614766,1
s1489407481x17867fcbaba115x68748903,17.739997,1
s1489407481x17867fcbaba115x68748903,17.814189,1
s1489407481x17867fcbaba115x68748903,17.915976,1
s1489407481x17867fcbaba115x68748903,18.025750,1
s1489407481x17867fcbaba115x68748903,18.114051,1
s1489407481x17867fcbaba115x68748903,18.245446,1
s1489407481x17867fcbaba115x68748903,18.339551,1
s1489407481x17867fcbaba115x68748903,18.438312,1
s1489407481x17867fcbaba115x68748903,18.516207,1
s1489407481x17867fcbaba115x68748903,18.617359,1
s1489407481x17867fcbaba115x68748903,18.717535,0
s1489407481x17867fcbaba115x68748903,18.818295,0
s1489407481x17867fcbaba115x68748903,18.917211,0
s1489407481x17867fcbaba115x68748903,19.036353,0
s1489407481x17867fcbaba115x68748903,19.118891,0
s1489407481x17867fcbaba115x68748903,19.220129,0
s1489407481x17867fcbaba115x68748903,19.344486,0
s1489407481x17867fcbaba115x68748903,19.420921,0
s1489407481x17867fcbaba115x68748903,19.522852,0
s1489407481x17867fcbaba115x68748903,19.644003,0
s1489407481x17867fcbaba115x68748903,19.734783,0
s1489407481x17867fcbaba115x68748903,19.829860,0
s1489407481x17867fcbaba115x68748903,19.923610,0
s1489407481x17867fcbaba115x68748903,20.013854,0
s1489407481x17867fcbaba115x68748903,20.113893,0
s1489407481x17867fcbaba115x68748903,20.213972,0
s1489407481x17867fcbaba115x68748903,20.342269,0
s1489407481x17867fcbaba115x68748903,20.441627,0
s1489407481x17867fcbaba115x68748903,20.513918,0
s1489407481x17867fcbaba115x68748903,20.618964,0
s1489407481x17867fcbaba115x68748903,20.713880,0
s1489407481x17867fcbaba115x68748903,20.818548,0
s1489407481x17867fcbaba115x68748903,20.941065,0
s1489407481x17867fcbaba115x68748903,21.041286,0
s1489407481x17867fcbaba115x68748903,21.141470,0
s1489407481x17867fcbaba115x68748903,21.215163,0
s1489407481x17867fcbaba115x68748903,21.350437,0
s1489407481x17867fcbaba115x68748903,21.453612,0
s1489407481x17867fcbaba115x68748903,21.522091,0
s1489407481x17867fcbaba115x68748903,21.623670,0
s1489407481x17867fcbaba115x68748903,21.726290,0
s1489407481x17867fcbaba115x68748903,21.823249,0
s1489407481x17867fcbaba115x68748903,21.980196,0
s1489407481x17867fcbaba115x68748903,22.148573,0
s1489407481x17867fcbaba115x68748903,22.214029,0
s1489407481x17867fcbaba115x68748903,22.314344,0
s1489407481x17867fcbaba115x68748903,22.413968,0
s1489407481x17867fcbaba115x68748903,22.513885,0
s1489407481x17867fcbaba115x68748903,22.614007,0
s1489407481x17867fcbaba115x68748903,22.713923,0
s1489407481x17867fcbaba115x68748903,22.813943,0
s1489407481x17867fcbaba115x68748903,22.917674,0
s1489407481x17867fcbaba115x68748903,23.014559,0
s1489407481x17867fcbaba115x68748903,23.141896,0
s1489407481x17867fcbaba115x68748903,23.238925,0
s1489407481x17867fcbaba115x68748903,23.320053,0
s1489407481x17867fcbaba115x68748903,23.421324,0
s1489407481x17867fcbaba115x68748903,23.536446,0
s1489407481x17867fcbaba115x68748903,23.622033,0
s1489407481x17867fcbaba115x68748903,23.721612,0
s1489407481x17867fcbaba115x68748903,23.842702,0
s1489407481x17867fcbaba115x68748903,23.926939,0
s1489407481x17867fcbaba115x68748903,24.042684,0
s1489407481x17867fcbaba115x68748903,24.122955,0
s1489407481x17867fcbaba115x68748903,24.227362,0
s1489407481x17867fcbaba115x68748903,24.324572,0
s1489407481x17867fcbaba115x68748903,24.424007,0
s1489407481x17867fcbaba115x68748903,24.531902,0
s1489407481x17867fcbaba115x68748903,24.626481,0
s1489407481x17867fcbaba115x68748903,24.714120,0
s1489407481x17867fcbaba115x68748903,24.829041,0
s1489407481x17867fcbaba115x68748903,24.942976,0
s1489407481x17867fcbaba115x68748903,25.024727,0
s1489407481x17867fcbaba115x68748903,25.114851,0
s1489407481x17867fcbaba115x68748903,25.213999,0
s1489407481x17867fcbaba115x68748903,25.344304,0
s1489407481x17867fcbaba115x68748903,25.439708,0
s1489407481x17867fcbaba115x68748903,25.539271,0
s1489407481x17867fcbaba115x68748903,25.633713,0
s1489407481x17867fcbaba115x68748903,25.718970,0
s1489407481x17867fcbaba115x68748903,25.816839,0
s1489407481x17867fcbaba115x68748903,25.918527,0
s1489407481x17867fcbaba115x68748903,26.043017,0
s1489407481x17867fcbaba115x68748903,26.123013,0
s1489407481x17867fcbaba115x68748903,26.227667,0
s1489407481x17867fcbaba115x68748903,26.329262,0
s1489407481x17867fcbaba115x68748903,26.424040,0
s1489407481x17867fcbaba115x68748903,26.526861,0
s1489407481x17867fcbaba115x68748903,26.629306,0
s1489407481x17867fcbaba115x68748903,26.726906,0
s1489407481x17867fcbaba115x68748903,26.832185,0
s1489407481x17867fcbaba115x68748903,26.938780,0
s1489407481x17867fcbaba115x68748903,27.014242,0
s1489407481x17867fcbaba115x68748903,27.115994,0
s1489407481x17867fcbaba115x68748903,27.243175,0
s1489407481x17867fcbaba115x68748903,27.319680,0
s1489407481x17867fcbaba115x68748903,27.445949,0
s1489407481x17867fcbaba115x68748903,27.544199,0
s1489407481x17867fcbaba115x68748903,27.648447,0
s1489407481x17867fcbaba115x68748903,27.739872,0
s1489407481x17867fcbaba115x68748903,27.836595,0
s1489407481x17867fcbaba115x68748903,27.944189,0
s1489407481x17867fcbaba115x68748903,28.021762,0
s1489407481x17867fcbaba115x68748903,28.119753,0
s1489407481x17867fcbaba115x68748903,28.244315,0
s1489407481x17867fcbaba115x68748903,28.321987,0
s1489407481x17867fcbaba115x68748903,28.441094,0
s1489407481x17867fcbaba115x68748903,28.533935,0
s1489407481x17867fcbaba115x68748903,28.623779,0
s1489407481x17867fcbaba115x68748903,28.734073,0
s1489407481x17867fcbaba115x68748903,28.824900,0
s1489407481x17867fcbaba115x68748903,28.929395,0
s1489407481x17867fcbaba115x68748903,29.027177,0
s1489407481x17867fcbaba115x68748903,29.126534,0
s1489407481x17867fcbaba115x68748903,29.239734,0
s1489407481x17867fcbaba115x68748903,29.320464,0
s1489407481x17867fcbaba115x68748903,29.435364,0
s1489407481x17867fcbaba115x68748903,29.536442,0
s1489407481x17867fcbaba115x68748903,29.636196,0
s1489407481x17867fcbaba115x68748903,29.717871,0
s1489407481x17867fcbaba115x68748903,29.840556,0
s1489407481x17867fcbaba115x68748903,29.938585,0
s1489407481x17867fcbaba115x68748903,30.040753,0
s1489407481x17867fcbaba115x68748903,30.120724,359
s1489407481x17867fcbaba115x68748903,30.241606,359
s1489407481x17867fcbaba115x68748903,30.342433,359
s1489407481x17867fcbaba115x68748903,30.443174,359
s1489407481x17867fcbaba115x68748903,30.532951,359
s1489407481x17867fcbaba115x68748903,30.620453,341
s1489407481x17867fcbaba115x68748903,30.720059,331
s1489407481x17867fcbaba115x68748903,30.822830,328
s1489407481x17867fcbaba115x68748903,30.920368,328
s1489407481x17867fcbaba115x68748903,31.038571,328
s1489407481x17867fcbaba115x68748903,31.124093,328
s1489407481x17867fcbaba115x68748903,31.226756,328
s1489407481x17867fcbaba115x68748903,31.314595,328
s1489407481x17867fcbaba115x68748903,31.434958,328
s1489407481x17867fcbaba115x68748903,31.514164,328
s1489407481x17867fcbaba115x68748903,31.614241,328
s1489407481x17867fcbaba115x68748903,31.714139,328
s1489407481x17867fcbaba115x68748903,31.816533,328
s1489407481x17867fcbaba115x68748903,31.914386,328
s1489407481x17867fcbaba115x68748903,32.038819,327
s1489407481x17867fcbaba115x68748903,32.117736,332
s1489407481x17867fcbaba115x68748903,32.215964,342
s1489407481x17867fcbaba115x68748903,32.317605,345
s1489407481x17867fcbaba115x68748903,32.416682,348
s1489407481x17867fcbaba115x68748903,32.519641,350
s1489407481x17867fcbaba115x68748903,32.615469,350
s1489407481x17867fcbaba115x68748903,32.716995,351
s1489407481x17867fcbaba115x68748903,32.826810,351
s1489407481x17867fcbaba115x68748903,32.923354,351
s1489407481x17867fcbaba115x68748903,33.044812,351
s1489407481x17867fcbaba115x68748903,33.143262,356
s1489407481x17867fcbaba115x68748903,33.229204,358
s1489407481x17867fcbaba115x68748903,33.328491,3
s1489407481x17867fcbaba115x68748903,33.425916,10
s1489407481x17867fcbaba115x68748903,33.532296,15
s1489407481x17867fcbaba115x68748903,33.614452,20
s1489407481x17867fcbaba115x68748903,33.714168,24
s1489407481x17867fcbaba115x68748903,33.831501,27
s1489407481x17867fcbaba115x68748903,33.915566,28
s1489407481x17867fcbaba115x68748903,34.014177,28
s1489407481x17867fcbaba115x68748903,34.118430,28
s1489407481x17867fcbaba115x68748903,34.240319,28
s1489407481x17867fcbaba115x68748903,34.341992,27
s1489407481x17867fcbaba115x68748903,34.417840,32
s1489407481x17867fcbaba115x68748903,34.515192,46
s1489407481x17867fcbaba115x68748903,34.621979,55
s1489407481x17867fcbaba115x68748903,34.718722,59
s1489407481x17867fcbaba115x68748903,34.820699,60
s1489407481x17867fcbaba115x68748903,34.922573,60
s1489407481x17867fcbaba115x68748903,35.073944,77
s1489407481x17867fcbaba115x68748903,35.124187,86
s1489407481x17867fcbaba115x68748903,35.221444,88
s1489407481x17867fcbaba115x68748903,35.323078,88
s1489407481x17867fcbaba115x68748903,35.426072,88
s1489407481x17867fcbaba115x68748903,35.527603,88
s1489407481x17867fcbaba115x68748903,35.628506,88
s1489407481x17867fcbaba115x68748903,35.722675,88
s1489407481x17867fcbaba115x68748903,35.833206,88
s1489407481x17867fcbaba115x68748903,35.914370,88
s1489407481x17867fcbaba115x68748903,36.042115,88
s1489407481x17867fcbaba115x68748903,36.115638,88
s1489407481x17867fcbaba115x68748903,36.214239,88
s1489407481x17867fcbaba115x68748903,36.329816,88
s1489407481x17867fcbaba115x68748903,36.418170,88
s1489407481x17867fcbaba115x68748903,36.624689,86
s1489407481x17867fcbaba115x68748903,36.716855,89
s1489407481x17867fcbaba115x68748903,36.821370,100
s1489407481x17867fcbaba115x68748903,36.914752,114
s1489407481x17867fcbaba115x68748903,37.020063,125
s1489407481x17867fcbaba115x68748903,37.119165,130
s1489407481x17867fcbaba115x68748903,37.219748,130
s1489407481x17867fcbaba115x68748903,37.338147,130
s1489407481x17867fcbaba115x68748903,37.426824,130
s1489407481x17867fcbaba115x68748903,37.531058,130
s1489407481x17867fcbaba115x68748903,37.617980,130
s1489407481x17867fcbaba115x68748903,37.727801,130
s1489407481x17867fcbaba115x68748903,37.831074,130
s1489407481x17867fcbaba115x68748903,37.921836,130
s1489407481x17867fcbaba115x68748903,38.014631,130
s1489407481x17867fcbaba115x68748903,38.115062,130
s1489407481x17867fcbaba115x68748903,38.215030,130
s1489407481x17867fcbaba115x68748903,38.314227,130
s1489407481x17867fcbaba115x68748903,38.450892,119
s1489407481x17867fcbaba115x68748903,38.515015,87
s1489407481x17867fcbaba115x68748903,38.614653,83
s1489407481x17867fcbaba115x68748903,38.714477,83
s1489407481x17867fcbaba115x68748903,38.835349,83
s1489407481x17867fcbaba115x68748903,38.940693,83
s1489407481x17867fcbaba115x68748903,39.017350,61
s1489407481x17867fcbaba115x68748903,39.121478,45
s1489407481x17867fcbaba115x68748903,39.220258,45
s1489407481x17867fcbaba115x68748903,39.323155,45
s1489407481x17867fcbaba115x68748903,39.443853,45
s1489407481x17867fcbaba115x68748903,39.543230,45
s1489407481x17867fcbaba115x68748903,39.630490,45
s1489407481x17867fcbaba115x68748903,39.720119,42
s1489407481x17867fcbaba115x68748903,39.821605,24
s1489407481x17867fcbaba115x68748903,39.923798,16
s1489407481x17867fcbaba115x68748903,40.031723,12
s1489407481x17867fcbaba115x68748903,40.124062,11
s1489407481x17867fcbaba115x68748903,40.214326,11
s1489407481x17867fcbaba115x68748903,40.315449,11
s1489407481x17867fcbaba115x68748903,40.461362,11
s1489407481x17867fcbaba115x68748903,40.560229,6
s1489407481x17867fcbaba115x68748903,40.614435,358
s1489407481x17867fcbaba115x68748903,40.714319,354
s1489407481x17867fcbaba115x68748903,40.817628,353
s1489407481x17867fcbaba115x68748903,40.915926,352
s1489407481x17867fcbaba115x68748903,41.014356,352
s1489407481x17867fcbaba115x68748903,41.139213,352
s1489407481x17867fcbaba115x68748903,41.220833,358
s1489407481x17867fcbaba115x68748903,41.317022,16
s1489407481x17867fcbaba115x68748903,41.418648,28
s1489407481x17867fcbaba115x68748903,41.520739,38
s1489407481x17867fcbaba115x68748903,41.619536,41
s1489407481x17867fcbaba115x68748903,41.720804,39
s1489407481x17867fcbaba115x68748903,41.827837,39
s1489407481x17867fcbaba115x68748903,41.920638,39
s1489407481x17867fcbaba115x68748903,42.028026,39
s1489407481x17867fcbaba115x68748903,42.129523,39
s1489407481x17867fcbaba115x68748903,42.236310,39
s1489407481x17867fcbaba115x68748903,42.332641,39
s1489407481x17867fcbaba115x68748903,42.430537,39
s1489407481x17867fcbaba115x68748903,42.531174,35
s1489407481x17867fcbaba115x68748903,42.614363,0
s1489407481x17867fcbaba115x68748903,42.735782,359
s1489407481x17867fcbaba115x68748903,42.817457,359
s1489407481x17867fcbaba115x68748903,42.914575,359
s1489407481x17867fcbaba115x68748903,43.019629,359
s1489407481x17867fcbaba115x68748903,43.136963,358
s1489407481x17867fcbaba115x68748903,43.214803,331
s1489407481x17867fcbaba115x68748903,43.316814,310
s1489407481x17867fcbaba115x68748903,43.419628,310
s1489407481x17867fcbaba115x68748903,43.515098,310
s1489407481x17867fcbaba115x68748903,43.619093,310
s1489407481x17867fcbaba115x68748903,43.722491,310
s1489407481x17867fcbaba115x68748903,43.820264,310
s1489407481x17867fcbaba115x68748903,43.923939,310
s1489407481x17867fcbaba115x68748903,44.036671,310
s1489407481x17867fcbaba115x68748903,44.122494,309
s1489407481x17867fcbaba115x68748903,44.233679,309
s1489407481x17867fcbaba115x68748903,44.323884,309
s1489407481x17867fcbaba115x68748903,44.431174,309
s1489407481x17867fcbaba115x68748903,44.525987,309
s1489407481x17867fcbaba115x68748903,44.633260,309
s1489407481x17867fcbaba115x68748903,44.734675,309
s1489407481x17867fcbaba115x68748903,44.822005,309
s1489407481x17867fcbaba115x68748903,44.930105,309
s1489407481x17867fcbaba115x68748903,45.014426,309
s1489407481x17867fcbaba115x68748903,45.114567,309
s1489407481x17867fcbaba115x68748903,45.242046,309
s1489407481x17867fcbaba115x68748903,45.318850,309
s1489407481x17867fcbaba115x68748903,45.435370,309
s1489407481x17867fcbaba115x68748903,45.516913,309
s1489407481x17867fcbaba115x68748903,45.640735,309
s1489407481x17867fcbaba115x68748903,45.717580,309
s1489407481x17867fcbaba115x68748903,45.821062,309
s1489407481x17867fcbaba115x68748903,45.917468,312
s1489407481x17867fcbaba115x68748903,46.020532,321
s1489407481x17867fcbaba115x68748903,46.122076,328
s1489407481x17867fcbaba115x68748903,46.252906,333
s1489407481x17867fcbaba115x68748903,46.322376,336
s1489407481x17867fcbaba115x68748903,46.421656,340
s1489407481x17867fcbaba115x68748903,46.522369,340
s1489407481x17867fcbaba115x68748903,46.626446,341
s1489407481x17867fcbaba115x68748903,46.749686,341
s1489407481x17867fcbaba115x68748903,46.821215,341
s1489407481x17867fcbaba115x68748903,46.924018,341
s1489407481x17867fcbaba115x68748903,47.027563,341
s1489407481x17867fcbaba115x68748903,47.114455,341
s1489407481x17867fcbaba115x68748903,47.245591,354
s1489407481x17867fcbaba115x68748903,47.314780,3
s1489407481x17867fcbaba115x68748903,47.415481,11
s1489407481x17867fcbaba115x68748903,47.514454,11
s1489407481x17867fcbaba115x68748903,47.617733,11
s1489407481x17867fcbaba115x68748903,47.718138,11
s1489407481x17867fcbaba115x68748903,47.814478,11
s1489407481x17867fcbaba115x68748903,47.914894,11
s1489407481x17867fcbaba115x68748903,48.038813,11
s1489407481x17867fcbaba115x68748903,48.135171,11
s1489407481x17867fcbaba115x68748903,48.219470,11
s1489407481x17867fcbaba115x68748903,48.343797,11
s1489407481x17867fcbaba115x68748903,48.440330,11
s1489407481x17867fcbaba115x68748903,48.541380,11
s1489407481x17867fcbaba115x68748903,48.630807,11
s1489407481x17867fcbaba115x68748903,48.725882,14
s1489407481x17867fcbaba115x68748903,48.828775,28
s1489407481x17867fcbaba115x68748903,48.923951,39
s1489407481x17867fcbaba115x68748903,49.043995,41
s1489407481x17867fcbaba115x68748903,49.127739,41
s1489407481x17867fcbaba115x68748903,49.214972,41
s1489407481x17867fcbaba115x68748903,49.314990,41
s1489407481x17867fcbaba115x68748903,49.414921,41
s1489407481x17867fcbaba115x68748903,49.515007,41
s1489407481x17867fcbaba115x68748903,49.630076,41
s1489407481x17867fcbaba115x68748903,49.717542,41
s1489407481x17867fcbaba115x68748903,49.818602,41
s1489407481x17867fcbaba115x68748903,49.916705,25
s1489407481x17867fcbaba115x68748903,50.020189,357
s1489407481x17867fcbaba115x68748903,50.115045,357
s1489407481x17867fcbaba115x68748903,50.215745,357
s1489407481x17867fcbaba115x68748903,50.340316,357
s1489407481x17867fcbaba115x68748903,50.420436,357
s1489407481x17867fcbaba115x68748903,50.536530,357
s1489407481x17867fcbaba115x68748903,50.647219,357
s1489407481x17867fcbaba115x68748903,50.720604,357
s1489407481x17867fcbaba115x68748903,50.827226,357
s1489407481x17867fcbaba115x68748903,50.925665,357
s1489407481x17867fcbaba115x68748903,51.029326,357
s1489407481x17867fcbaba115x68748903,51.130444,357
s1489407481x17867fcbaba115x68748903,51.227376,357
s1489407481x17867fcbaba115x68748903,51.327852,357
s1489407481x17867fcbaba115x68748903,51.430917,357
s1489407481x17867fcbaba115x68748903,51.527381,357
s1489407481x17867fcbaba115x68748903,51.615066,354
s1489407481x17867fcbaba115x68748903,51.714941,312
s1489407481x17867fcbaba115x68748903,51.835335,312
s1489407481x17867fcbaba115x68748903,51.914995,312
s1489407481x17867fcbaba115x68748903,52.016082,312
s1489407481x17867fcbaba115x68748903,52.139643,312
s1489407481x17867fcbaba115x68748903,52.215198,312
s1489407481x17867fcbaba115x68748903,52.318097,312
s1489407481x17867fcbaba115x68748903,52.444475,312
s1489407481x17867fcbaba115x68748903,52.546376,312
s1489407481x17867fcbaba115x68748903,52.629302,312
s1489407481x17867fcbaba115x68748903,52.735176,312
s1489407481x17867fcbaba115x68748903,52.832241,312
s1489407481x17867fcbaba115x68748903,52.929182,312
s1489407481x17867fcbaba115x68748903,53.037856,312
s1489407481x17867fcbaba115x68748903,53.129660,312
s1489407481x17867fcbaba115x68748903,53.229999,312
s1489407481x17867fcbaba115x68748903,53.334865,312
s1489407481x17867fcbaba115x68748903,53.435703,312
s1489407481x17867fcbaba115x68748903,53.515850,312
s1489407481x17867fcbaba115x68748903,53.618233,312
s1489407481x17867fcbaba115x68748903,53.714964,312
s1489407481x17867fcbaba115x68748903,53.834689,312
s1489407481x17867fcbaba115x68748903,53.939109,312
s1489407481x17867fcbaba115x68748903,54.019183,312
s1489407481x17867fcbaba115x68748903,54.116103,312
s1489407481x17867fcbaba115x68748903,54.245744,312
s1489407481x17867fcbaba115x68748903,54.322541,312
s1489407481x17867fcbaba115x68748903,54.431176,312
s1489407481x17867fcbaba115x68748903,54.529719,313
s1489407481x17867fcbaba115x68748903,54.618348,313
s1489407481x17867fcbaba115x68748903,54.719601,313
s1489407481x17867fcbaba115x68748903,54.847746,313
s1489407481x17867fcbaba115x68748903,54.935626,313
s1489407481x17867fcbaba115x68748903,55.047730,313
s1489407481x17867fcbaba115x68748903,55.150358,313
s1489407481x17867fcbaba115x68748903,55.227536,313
s1489407481x17867fcbaba115x68748903,55.333049,313
s1489407481x17867fcbaba115x68748903,55.423877,314
s1489407481x17867fcbaba115x68748903,55.515700,314
s1489407481x17867fcbaba115x68748903,55.615357,314
s1489407481x17867fcbaba115x68748903,55.715053,314
s1489407481x17867fcbaba115x68748903,55.815154,314
s1489407481x17867fcbaba115x68748903,55.915176,314
s1489407481x17867fcbaba115x68748903,56.016593,314
s1489407481x17867fcbaba115x68748903,56.147543,314
s1489407481x17867fcbaba115x68748903,56.223176,314
s1489407481x17867fcbaba115x68748903,56.335269,314
s1489407481x17867fcbaba115x68748903,56.434625,313
s1489407481x17867fcbaba115x68748903,56.538043,313
s1489407481x17867fcbaba115x68748903,56.622521,313
s1489407481x17867fcbaba115x68748903,56.722628,313
s1489407481x17867fcbaba115x68748903,56.823005,313
s1489407481x17867fcbaba115x68748903,56.930536,313
s1489407481x17867fcbaba115x68748903,57.051228,313
s1489407481x17867fcbaba115x68748903,57.119709,313
s1489407481x17867fcbaba115x68748903,57.225880,313
s1489407481x17867fcbaba115x68748903,57.348990,313
s1489407481x17867fcbaba115x68748903,57.420227,313
s1489407481x17867fcbaba115x68748903,57.549724,313
s1489407481x17867fcbaba115x68748903,57.626849,313
s1489407481x17867fcbaba115x68748903,57.734383,313
s1489407481x17867fcbaba115x68748903,57.834005,313
s1489407481x17867fcbaba115x68748903,57.931996,313
s1489407481x17867fcbaba115x68748903,58.015055,313
s1489407481x17867fcbaba115x68748903,58.115062,313
s1489407481x17867fcbaba115x68748903,58.243070,313
s1489407481x17867fcbaba115x68748903,58.332629,313
s1489407481x17867fcbaba115x68748903,58.450184,312
s1489407481x17867fcbaba115x68748903,58.555856,312
s1489407481x17867fcbaba115x68748903,58.640823,325
s1489407481x17867fcbaba115x68748903,58.730042,345
s1489407481x17867fcbaba115x68748903,58.824290,355
s1489407481x17867fcbaba115x68748903,58.915646,357
s1489407481x17867fcbaba115x68748903,59.019617,357
s1489407481x17867fcbaba115x68748903,59.120604,357
s1489407481x17867fcbaba115x68748903,59.221645,357
s1489407481x17867fcbaba115x68748903,59.343722,357
s1489407481x17867fcbaba115x68748903,59.424683,357
s1489407481x17867fcbaba115x68748903,59.522649,357
s1489407481x17867fcbaba115x68748903,59.622511,357
s1489407481x17867fcbaba115x68748903,59.739854,357
s1489407481x17867fcbaba115x68748903,59.825635,357
s1489407481x17867fcbaba115x68748903,59.926157,357
s1489484410xb103aa1d5aee85x29177039,0.479908,0
s1489484410xb103aa1d5aee85x29177039,0.679974,0
s1489484410xb103aa1d5aee85x29177039,0.687319,0
s1489484410xb103aa1d5aee85x29177039,0.801405,0
s1489484410xb103aa1d5aee85x29177039,0.890584,0
s1489484410xb103aa1d5aee85x29177039,1.011479,0
s1489484410xb103aa1d5aee85x29177039,1.088752,0
s1489484410xb103aa1d5aee85x29177039,1.190307,0
s1489484410xb103aa1d5aee85x29177039,1.317244,0
s1489484410xb103aa1d5aee85x29177039,1.395758,0
s1489484410xb103aa1d5aee85x29177039,1.498286,0
s1489484410xb103aa1d5aee85x29177039,1.582489,0
s1489484410xb103aa1d5aee85x29177039,1.683768,0
s1489484410xb103aa1d5aee85x29177039,1.782522,0
s1489484410xb103aa1d5aee85x29177039,1.882482,359
s1489484410xb103aa1d5aee85x29177039,1.984990,359
s1489484410xb103aa1d5aee85x29177039,2.096447,359
s1489484410xb103aa1d5aee85x29177039,2.218324,359
s1489484410xb103aa1d5aee85x29177039,2.309328,359
s1489484410xb103aa1d5aee85x29177039,2.400457,5
s1489484410xb103aa1d5aee85x29177039,2.499475,11
s1489484410xb103aa1d5aee85x29177039,2.588881,14
s1489484410xb103aa1d5aee85x29177039,2.705729,16
s1489484410xb103aa1d5aee85x29177039,2.791967,15
s1489484410xb103aa1d5aee85x29177039,2.886334,16
s1489484410xb103aa1d5aee85x29177039,2.994574,20
s1489484410xb103aa1d5aee85x29177039,3.108416,21
s1489484410xb103aa1d5aee85x29177039,3.196763,21
s1489484410xb103aa1d5aee85x29177039,3.308778,19
s1489484410xb103aa1d5aee85x29177039,3.417236,14
s1489484410xb103aa1d5aee85x29177039,3.510321,13
s1489484410xb103aa1d5aee85x29177039,3.598894,15
s1489484410xb103aa1d5aee85x29177039,3.701761,15
s1489484410xb103aa1d5aee85x29177039,3.801127,15
s1489484410xb103aa1d5aee85x29177039,3.934499,21
s1489484410xb103aa1d5aee85x29177039,4.020529,24
s1489484410xb103aa1d5aee85x29177039,4.092104,25
s1489484410xb103aa1d5aee85x29177039,4.208012,25
s1489484410xb103aa1d5aee85x29177039,4.302445,26
s1489484410xb103aa1d5aee85x29177039,4.394464,26
s1489484410xb103aa1d5aee85x29177039,4.510699,26
s1489484410xb103aa1d5aee85x29177039,4.616313,26
s1489484410xb103aa1d5aee85x29177039,4.735707,27
s1489484410xb103aa1d5aee85x29177039,4.807697,27
s1489484410xb103aa1d5aee85x29177039,4.902993,27
s1489484410xb103aa1d5aee85x29177039,4.993659,27
s1489484410xb103aa1d5aee85x29177039,5.113400,28
s1489484410xb103aa1d5aee85x29177039,5.182771,27
s1489484410xb103aa1d5aee85x29177039,5.320742,28
s1489484410xb103aa1d5aee85x29177039,5.382536,28
s1489484410xb103aa1d5aee85x29177039,5.482593,27
s1489484410xb103aa1d5aee85x29177039,5.584507,27
s1489484410xb103aa1d5aee85x29177039,5.697814,27
s1489484410xb103aa1d5aee85x29177039,5.822555,27
s1489484410xb103aa1d5aee85x29177039,5.901345,27
s1489484410xb103aa1d5aee85x29177039,5.986163,27
s1489484410xb103aa1d5aee85x29177039,6.100252,27
s1489484410xb103aa1d5aee85x29177039,6.184562,27
s1489484410xb103aa1d5aee85x29177039,6.309407,27
s1489484410xb103aa1d5aee85x29177039,6.386669,27
s1489484410xb103aa1d5aee85x29177039,6.484145,27
s1489484410xb103aa1d5aee85x29177039,6.633455,27
s1489484410xb103aa1d5aee85x29177039,6.698815,27
s1489484410xb103aa1d5aee85x29177039,6.804743,27
s1489484410xb103aa1d5aee85x29177039,6.911184,27
s1489484410xb103aa1d5aee85x29177039,7.012028,27
s1489484410xb103aa1d5aee85x29177039,7.101998,27
s1489484410xb103aa1d5aee85x29177039,7.220293,27
s1489484410xb103aa1d5aee85x29177039,7.300931,27
s1489484410xb103aa1d5aee85x29177039,7.471860,27
s1489484410xb103aa1d5aee85x29177039,7.527423,27
s1489484410xb103aa1d5aee85x29177039,7.601417,27
s1489484410xb103aa1d5aee85x29177039,7.689188,27
s1489484410xb103aa1d5aee85x29177039,7.792892,26
s1489484410xb103aa1d5aee85x29177039,7.904456,16
s1489484410xb103aa1d5aee85x29177039,8.002670,346
s1489484410xb103aa1d5aee85x29177039,8.083212,344
s1489484410xb103aa1d5aee85x29177039,8.214712,344
s1489484410xb103aa1d5aee85x29177039,8.297161,344
s1489484410xb103aa1d5aee85x29177039,8.382596,344
s1489484410xb103aa1d5aee85x29177039,8.520152,344
s1489484410xb103aa1d5aee85x29177039,8.603978,344
s1489484410xb103aa1d5aee85x29177039,8.703619,344
s1489484410xb103aa1d5aee85x29177039,8.783022,343
s1489484410xb103aa1d5aee85x29177039,8.916988,342
s1489484410xb103aa1d5aee85x29177039,8.982784,342
s1489484410xb103aa1d5aee85x29177039,9.111945,342
s1489484410xb103aa1d5aee85x29177039,9.199879,342
s1489484410xb103aa1d5aee85x29177039,9.364455,343
s1489484410xb103aa1d5aee85x29177039,9.430624,348
s1489484410xb103aa1d5aee85x29177039,9.496861,359
s1489484410xb103aa1d5aee85x29177039,9.599639,6
s1489484410xb103aa1d5aee85x29177039,9.702830,11
s1489484410xb103aa1d5aee85x29177039,9.805925,13
s1489484410xb103aa1d5aee85x29177039,9.905546,14
s1489484410xb103aa1d5aee85x29177039,10.001642,14
s1489484410xb103aa1d5aee85x29177039,10.102337,14
s1489484410xb103aa1d5aee85x29177039,10.230923,14
s1489484410xb103aa1d5aee85x29177039,10.309134,14
s1489484410xb103aa1d5aee85x29177039,10.422444,14
s1489484410xb103aa1d5aee85x29177039,10.493994,14
s1489484410xb103aa1d5aee85x29177039,10.588602,14
s1489484410xb103aa1d5aee85x29177039,10.682729,14
s1489484410xb103aa1d5aee85x29177039,10.801969,14
s1489484410xb103aa1d5aee85x29177039,10.891940,14
s1489484410xb103aa1d5aee85x29177039,11.020724,15
s1489484410xb103aa1d5aee85x29177039,11.094732,17
s1489484410xb103aa1d5aee85x29177039,11.190887,23
s1489484410xb103aa1d5aee85x29177039,11.297934,25
s1489484410xb103aa1d5aee85x29177039,11.382762,26
s1489484410xb103aa1d5aee85x29177039,11.520941,28
s1489484410xb103aa1d5aee85x29177039,11.582767,28
s1489484410xb103aa1d5aee85x29177039,11.687011,29
s1489484410xb103aa1d5aee85x29177039,11.800503,29
s1489484410xb103aa1d5aee85x29177039,11.896031,30
s1489484410xb103aa1d5aee85x29177039,11.995389,30
s1489484410xb103aa1d5aee85x29177039,12.090090,30
s1489484410xb103aa1d5aee85x29177039,12.183852,27
s1489484410xb103aa1d5aee85x29177039,12.317841,10
s1489484410xb103aa1d5aee85x29177039,12.413609,2
s1489484410xb103aa1d5aee85x29177039,12.506016,357
s1489484410xb103aa1d5aee85x29177039,12.582761,356
s1489484410xb103aa1d5aee85x29177039,12.692459,353
s1489484410xb103aa1d5aee85x29177039,12.805586,352
s1489484410xb103aa1d5aee85x29177039,12.893012,352
s1489484410xb103aa1d5aee85x29177039,12.982861,352
s1489484410xb103aa1d5aee85x29177039,13.082906,352
s1489484410xb103aa1d5aee85x29177039,13.216856,352
s1489484410xb103aa1d5aee85x29177039,13.353170,352
s1489484410xb103aa1d5aee85x29177039,13.403220,351
s1489484410xb103aa1d5aee85x29177039,13.485058,348
s1489484410xb103aa1d5aee85x29177039,13.586909,336
s1489484410xb103aa1d5aee85x29177039,13.683184,328
s1489484410xb103aa1d5aee85x29177039,13.818352,313
s1489484410xb103aa1d5aee85x29177039,13.899392,310
s1489484410xb103aa1d5aee85x29177039,14.000848,303
s1489484410xb103aa1d5aee85x29177039,14.083772,303
s1489484410xb103aa1d5aee85x29177039,14.206675,303
s1489484410xb103aa1d5aee85x29177039,14.368707,304
s1489484410xb103aa1d5aee85x29177039,14.450279,304
s1489484410xb103aa1d5aee85x29177039,14.494491,299
s1489484410xb103aa1d5aee85x29177039,14.622642,279
s1489484410xb103aa1d5aee85x29177039,14.761381,273
s1489484410xb103aa1d5aee85x29177039,14.809639,263
s1489484410xb103aa1d5aee85x29177039,14.910163,260
s1489484410xb103aa1d5aee85x29177039,15.015880,258
s1489484410xb103aa1d5aee85x29177039,15.099501,258
s1489484410xb103aa1d5aee85x29177039,15.199847,258
s1489484410xb103aa1d5aee85x29177039,15.302233,258
s1489484410xb103aa1d5aee85x29177039,15.418326,258
s1489484410xb103aa1d5aee85x29177039,15.510404,258
s1489484410xb103aa1d5aee85x29177039,15.604566,258
s1489484410xb103aa1d5aee85x29177039,15.682838,258
s1489484410xb103aa1d5aee85x29177039,15.783163,258
s1489484410xb103aa1d5aee85x29177039,15.885360,259
s1489484410xb103aa1d5aee85x29177039,15.990942,268
s1489484410xb103aa1d5aee85x29177039,16.089679,280
s1489484410xb103aa1d5aee85x29177039,16.193432,289
s1489484410xb103aa1d5aee85x29177039,16.308282,297
s1489484410xb103aa1d5aee85x29177039,16.415922,306
s1489484410xb103aa1d5aee85x29177039,16.513183,310
s1489484410xb103aa1d5aee85x29177039,16.582941,314
s1489484410xb103aa1d5aee85x29177039,16.692157,317
s1489484410xb103aa1d5aee85x29177039,16.800007,317
s1489484410xb103aa1d5aee85x29177039,16.883047,317
s1489484410xb103aa1d5aee85x29177039,16.995286,317
s1489484410xb103aa1d5aee85x29177039,17.102655,323
s1489484410xb103aa1d5aee85x29177039,17.213609,343
s1489484410xb103aa1d5aee85x29177039,17.292573,347
s1489484410xb103aa1d5aee85x29177039,17.383121,345
s1489484410xb103aa1d5aee85x29177039,17.530553,343
s1489484410xb103aa1d5aee85x29177039,17.585847,343
s1489484410xb103aa1d5aee85x29177039,17.711230,343
s1489484410xb103aa1d5aee85x29177039,17.803867,343
s1489484410xb103aa1d5aee85x29177039,17.908589,343
s1489484410xb103aa1d5aee85x29177039,17.994169,343
s1489484410xb103aa1d5aee85x29177039,18.105102,344
s1489484410xb103aa1d5aee85x29177039,18.189151,343
s1489484410xb103aa1d5aee85x29177039,18.303712,342
s1489484410xb103aa1d5aee85x29177039,18.391797,341
s1489484410xb103aa1d5aee85x29177039,18.494583,341
s1489484410xb103aa1d5aee85x29177039,18.599475,341
s1489484410xb103aa1d5aee85x29177039,18.711887,341
s1489484410xb103aa1d5aee85x29177039,18.800597,341
s1489484410xb103aa1d5aee85x29177039,18.925522,341
s1489484410xb103aa1d5aee85x29177039,19.050826,341
s1489484410xb103aa1d5aee85x29177039,19.093080,341
s1489484410xb103aa1d5aee85x29177039,19.183027,342
s1489484410xb103aa1d5aee85x29177039,19.295878,343
s1489484410xb103aa1d5aee85x29177039,19.403569,344
s1489484410xb103aa1d5aee85x29177039,19.483203,344
s1489484410xb103aa1d5aee85x29177039,19.604226,344
s1489484410xb103aa1d5aee85x29177039,19.710670,344
s1489484410xb103aa1d5aee85x29177039,19.816036,345
s1489484410xb103aa1d5aee85x29177039,19.884192,345
s1489484410xb103aa1d5aee85x29177039,20.011377,345
s1489484410xb103aa1d5aee85x29177039,20.098546,345
s1489484410xb103aa1d5aee85x29177039,20.220108,345
s1489484410xb103aa1d5aee85x29177039,20.325565,345
s1489484410xb103aa1d5aee85x29177039,20.419828,346
s1489484410xb103aa1d5aee85x29177039,20.558283,346
s1489484410xb103aa1d5aee85x29177039,20.617769,346
s1489484410xb103aa1d5aee85x29177039,20.703353,346
s1489484410xb103aa1d5aee85x29177039,20.789067,346
s1489484410xb103aa1d5aee85x29177039,20.922566,346
s1489484410xb103aa1d5aee85x29177039,21.015325,346
s1489484410xb103aa1d5aee85x29177039,21.124139,346
s1489484410xb103aa1d5aee85x29177039,21.183002,345
s1489484410xb103aa1d5aee85x29177039,21.326426,346
s1489484410xb103aa1d5aee85x29177039,21.417517,346
s1489484410xb103aa1d5aee85x29177039,21.513215,348
s1489484410xb103aa1d5aee85x29177039,21.612636,347
s1489484410xb103aa1d5aee85x29177039,21.711372,345
s1489484410xb103aa1d5aee85x29177039,21.796412,344
s1489484410xb103aa1d5aee85x29177039,21.895326,344
s1489484410xb103aa1d5aee85x29177039,21.994301,345
s1489484410xb103aa1d5aee85x29177039,22.117587,346
s1489484410xb103aa1d5aee85x29177039,22.183035,349
s1489484410xb103aa1d5aee85x29177039,22.330272,358
s1489484410xb103aa1d5aee85x29177039,22.383024,3
s1489484410xb103aa1d5aee85x29177039,22.521388,6
s1489484410xb103aa1d5aee85x29177039,22.601785,7
s1489484410xb103aa1d5aee85x29177039,22.746786,7
s1489484410xb103aa1d5aee85x29177039,22.822881,7
s1489484410xb103aa1d5aee85x29177039,22.925613,7
s1489484410xb103aa1d5aee85x29177039,22.983120,6
s1489484410xb103aa1d5aee85x29177039,23.083079,6
s1489484410xb103aa1d5aee85x29177039,23.186511,6
s1489484410xb103aa1d5aee85x29177039,23.283111,5
s1489484410xb103aa1d5aee85x29177039,23.408139,2
s1489484410xb103aa1d5aee85x29177039,23.511333,359
s1489484410xb103aa1d5aee85x29177039,23.583059,355
s1489484410xb103aa1d5aee85x29177039,23.718769,352
s1489484410xb103aa1d5aee85x29177039,23.803936,350
s1489484410xb103aa1d5aee85x29177039,23.922707,347
s1489484410xb103aa1d5aee85x29177039,23.997749,346
s1489484410xb103aa1d5aee85x29177039,24.140172,345
s1489484410xb103aa1d5aee85x29177039,24.206362,344
s1489484410xb103aa1d5aee85x29177039,24.291212,343
s1489484410xb103aa1d5aee85x29177039,24.383215,343
s1489484410xb103aa1d5aee85x29177039,24.483339,343
s1489484410xb103aa1d5aee85x29177039,24.608239,345
s1489484410xb103aa1d5aee85x29177039,24.694807,345
s1489484410xb103aa1d5aee85x29177039,24.822220,344
s1489484410xb103aa1d5aee85x29177039,24.915577,345
s1489484410xb103aa1d5aee85x29177039,25.014389,346
s1489484410xb103aa1d5aee85x29177039,25.105831,346
s1489484410xb103aa1d5aee85x29177039,25.185990,344
s1489484410xb103aa1d5aee85x29177039,25.328644,344
s1489484410xb103aa1d5aee85x29177039,25.397314,343
s1489484410xb103aa1d5aee85x29177039,25.514406,342
s1489484410xb103aa1d5aee85x29177039,25.598156,341
s1489484410xb103aa1d5aee85x29177039,25.684729,341
s1489484410xb103aa1d5aee85x29177039,25.783266,340
s1489484410xb103aa1d5aee85x29177039,25.890982,340
s1489484410xb103aa1d5aee85x29177039,26.003346,340
s1489484410xb103aa1d5aee85x29177039,26.130102,340
s1489484410xb103aa1d5aee85x29177039,26.216022,340
s1489484410xb103aa1d5aee85x29177039,26.316550,340
s1489484410xb103aa1d5aee85x29177039,26.400593,340
s1489484410xb103aa1d5aee85x29177039,26.483063,340
s1489484410xb103aa1d5aee85x29177039,26.602198,341
s1489484410xb103aa1d5aee85x29177039,26.704057,341
s1489484410xb103aa1d5aee85x29177039,26.785788,340
s1489484410xb103aa1d5aee85x29177039,26.884091,340
s1489484410xb103aa1d5aee85x29177039,26.993290,340
s1489484410xb103aa1d5aee85x29177039,27.094439,340
s1489484410xb103aa1d5aee85x29177039,27.184037,340
s1489484410xb103aa1d5aee85x29177039,27.304091,340
s1489484410xb103aa1d5aee85x29177039,27.413516,340
s1489484410xb103aa1d5aee85x29177039,27.516035,340
s1489484410xb103aa1d5aee85x29177039,27.585951,340
s1489484410xb103aa1d5aee85x29177039,27.683991,340
s1489484410xb103aa1d5aee85x29177039,27.814975,340
s1489484410xb103aa1d5aee85x29177039,27.887876,340
s1489484410xb103aa1d5aee85x29177039,27.988513,340
s1489484410xb103aa1d5aee85x29177039,28.093337,340
s1489484410xb103aa1d5aee85x29177039,28.244900,340
s1489484410xb103aa1d5aee85x29177039,28.310559,340
s1489484410xb103aa1d5aee85x29177039,28.406754,340
s1489484410xb103aa1d5aee85x29177039,28.510042,340
s1489484410xb103aa1d5aee85x29177039,28.588934,341
s1489484410xb103aa1d5aee85x29177039,28.708962,341
s1489484410xb103aa1d5aee85x29177039,28.828920,341
s1489484410xb103aa1d5aee85x29177039,28.893754,341
s1489484410xb103aa1d5aee85x29177039,28.984683,342
s1489484410xb103aa1d5aee85x29177039,29.092958,342
s1489484410xb103aa1d5aee85x29177039,29.212377,342
s1489484410xb103aa1d5aee85x29177039,29.285317,342
s1489484410xb103aa1d5aee85x29177039,29.383209,342
s1489484410xb103aa1d5aee85x29177039,29.518165,342
s1489484410xb103aa1d5aee85x29177039,29.633342,342
s1489484410xb103aa1d5aee85x29177039,29.693010,342
s1489484410xb103aa1d5aee85x29177039,29.786046,342
s1489484410xb103aa1d5aee85x29177039,29.896121,342
s1489484410xb103aa1d5aee85x29177039,29.984608,342
s1489484410xb103aa1d5aee85x29177039,30.117184,342
s1489484410xb103aa1d5aee85x29177039,30.186534,342
s1489484410xb103aa1d5aee85x29177039,30.286797,342
s1489484410xb103aa1d5aee85x29177039,30.391779,342
s1489484410xb103aa1d5aee85x29177039,30.494229,342
s1489484410xb103aa1d5aee85x29177039,30.596474,342
s1489484410xb103aa1d5aee85x29177039,30.705977,342
s1489484410xb103aa1d5aee85x29177039,30.797500,342
s1489484410xb103aa1d5aee85x29177039,30.913560,342
s1489484410xb103aa1d5aee85x29177039,30.996780,342
s1489484410xb103aa1d5aee85x29177039,31.106623,342
s1489484410xb103aa1d5aee85x29177039,31.184517,342
s1489484410xb103aa1d5aee85x29177039,31.290178,342
s1489484410xb103aa1d5aee85x29177039,31.407487,342
s1489484410xb103aa1d5aee85x29177039,31.526957,342
s1489484410xb103aa1d5aee85x29177039,31.614867,342
s1489484410xb103aa1d5aee85x29177039,31.704079,342
s1489484410xb103aa1d5aee85x29177039,31.802365,342
s1489484410xb103aa1d5aee85x29177039,31.896106,342
s1489484410xb103aa1d5aee85x29177039,31.983549,342
s1489484410xb103aa1d5aee85x29177039,32.119336,342
s1489484410xb103aa1d5aee85x29177039,32.187511,342
s1489484410xb103aa1d5aee85x29177039,32.298224,342
s1489484410xb103aa1d5aee85x29177039,32.405007,342
s1489484410xb103aa1d5aee85x29177039,32.524725,342
s1489484410xb103aa1d5aee85x29177039,32.583634,342
s1489484410xb103aa1d5aee85x29177039,32.697664,341
s1489484410xb103aa1d5aee85x29177039,32.798872,341
s1489484410xb103aa1d5aee85x29177039,32.912604,342
s1489484410xb103aa1d5aee85x29177039,33.011240,342
s1489484410xb103aa1d5aee85x29177039,33.124314,344
s1489484410xb103aa1d5aee85x29177039,33.242164,344
s1489484410xb103aa1d5aee85x29177039,33.283438,344
s1489484410xb103aa1d5aee85x29177039,33.409677,345
s1489484410xb103aa1d5aee85x29177039,33.512901,344
s1489484410xb103aa1d5aee85x29177039,33.671684,344
s1489484410xb103aa1d5aee85x29177039,33.708326,344
s1489484410xb103aa1d5aee85x29177039,33.862141,344
s1489484410xb103aa1d5aee85x29177039,33.892304,344
s1489484410xb103aa1d5aee85x29177039,34.001524,345
s1489484410xb103aa1d5aee85x29177039,34.109512,345
s1489484410xb103aa1d5aee85x29177039,34.206812,345
s1489484410xb103aa1d5aee85x29177039,34.301888,345
s1489484410xb103aa1d5aee85x29177039,34.402613,345
s1489484410xb103aa1d5aee85x29177039,34.497343,346
s1489484410xb103aa1d5aee85x29177039,34.629862,346
s1489484410xb103aa1d5aee85x29177039,34.713726,346
s1489484410xb103aa1d5aee85x29177039,34.786896,346
s1489484410xb103aa1d5aee85x29177039,34.946942,346
s1489484410xb103aa1d5aee85x29177039,35.002234,346
s1489484410xb103aa1d5aee85x29177039,35.129775,347
s1489484410xb103aa1d5aee85x29177039,35.229499,347
s1489484410xb103aa1d5aee85x29177039,35.304118,348
s1489484410xb103aa1d5aee85x29177039,35.387852,349
s1489484410xb103aa1d5aee85x29177039,35.510720,350
s1489484410xb103aa1d5aee85x29177039,35.627461,350
s1489484410xb103aa1d5aee85x29177039,35.683450,351
s1489484410xb103aa1d5aee85x29177039,35.798469,351
s1489484410xb103aa1d5aee85x29177039,35.894170,352
s1489484410xb103aa1d5aee85x29177039,35.996449,352
s1489484410xb103aa1d5aee85x29177039,36.096853,352
s1489484410xb103aa1d5aee85x29177039,36.183478,353
s1489484410xb103aa1d5aee85x29177039,36.298251,353
s1489484410xb103aa1d5aee85x29177039,36.422804,353
s1489484410xb103aa1d5aee85x29177039,36.491639,353
s1489484410xb103aa1d5aee85x29177039,36.584382,354
s1489484410xb103aa1d5aee85x29177039,36.693138,354
s1489484410xb103aa1d5aee85x29177039,36.819485,355
s1489484410xb103aa1d5aee85x29177039,36.913411,355
s1489484410xb103aa1d5aee85x29177039,37.007325,355
s1489484410xb103aa1d5aee85x29177039,37.083493,356
s1489484410xb103aa1d5aee85x29177039,37.212433,357
s1489484410xb103aa1d5aee85x29177039,37.302271,357
s1489484410xb103aa1d5aee85x29177039,37.427945,357
s1489484410xb103aa1d5aee85x29177039,37.529399,357
s1489484410xb103aa1d5aee85x29177039,37.618565,357
s1489484410xb103aa1d5aee85x29177039,37.686963,357
s1489484410xb103aa1d5aee85x29177039,37.783737,357
s1489484410xb103aa1d5aee85x29177039,37.899102,357
s1489484410xb103aa1d5aee85x29177039,37.983547,357
s1489484410xb103aa1d5aee85x29177039,38.105680,358
s1489484410xb103aa1d5aee85x29177039,38.193671,358
s1489484410xb103aa1d5aee85x29177039,38.297645,358
s1489484410xb103aa1d5aee85x29177039,38.383573,358
s1489484410xb103aa1d5aee85x29177039,38.500155,358
s1489484410xb103aa1d5aee85x29177039,38.588518,357
s1489484410xb103aa1d5aee85x29177039,38.697599,357
s1489484410xb103aa1d5aee85x29177039,38.800990,357
s1489484410xb103aa1d5aee85x29177039,38.918107,358
s1489484410xb103aa1d5aee85x29177039,39.011773,358
s1489484410xb103aa1d5aee85x29177039,39.086690,358
s1489484410xb103aa1d5aee85x29177039,39.202254,357
s1489484410xb103aa1d5aee85x29177039,39.293994,357
s1489484410xb103aa1d5aee85x29177039,39.398088,357
s1489484410xb103aa1d5aee85x29177039,39.497739,357
s1489484410xb103aa1d5aee85x29177039,39.618022,357
s1489484410xb103aa1d5aee85x29177039,39.684267,357
s1489484410xb103aa1d5aee85x29177039,39.818856,357
s1489484410xb103aa1d5aee85x29177039,39.883566,357
s1489484410xb103aa1d5aee85x29177039,39.983594,357
s1489484410xb103aa1d5aee85x29177039,40.110149,357
s1489484410xb103aa1d5aee85x29177039,40.196916,357
s1489484410xb103aa1d5aee85x29177039,40.325766,357
s1489484410xb103aa1d5aee85x29177039,40.413790,357
s1489484410xb103aa1d5aee85x29177039,40.511107,357
s1489484410xb103aa1d5aee85x29177039,40.591970,357
s1489484410xb103aa1d5aee85x29177039,40.683658,357
s1489484410xb103aa1d5aee85x29177039,40.812881,355
s1489484410xb103aa1d5aee85x29177039,40.890775,354
s1489484410xb103aa1d5aee85x29177039,40.985534,354
s1489484410xb103aa1d5aee85x29177039,41.117456,353
s1489484410xb103aa1d5aee85x29177039,41.226832,353
s1489484410xb103aa1d5aee85x29177039,41.324597,352
s1489484410xb103aa1d5aee85x29177039,41.385353,352
s1489484410xb103aa1d5aee85x29177039,41.483925,351
s1489484410xb103aa1d5aee85x29177039,41.643963,350
s1489484410xb103aa1d5aee85x29177039,41.697016,350
s1489484410xb103aa1d5aee85x29177039,41.786857,350
s1489484410xb103aa1d5aee85x29177039,41.883467,349
s1489484410xb103aa1d5aee85x29177039,41.995889,349
s1489484410xb103aa1d5aee85x29177039,42.103513,348
s1489484410xb103aa1d5aee85x29177039,42.219904,347
s1489484410xb103aa1d5aee85x29177039,42.283600,347
s1489484410xb103aa1d5aee85x29177039,42.445137,346
s1489484410xb103aa1d5aee85x29177039,42.508906,346
s1489484410xb103aa1d5aee85x29177039,42.613907,346
s1489484410xb103aa1d5aee85x29177039,42.683656,345
s1489484410xb103aa1d5aee85x29177039,42.815493,345
s1489484410xb103aa1d5aee85x29177039,42.895986,345
s1489484410xb103aa1d5aee85x29177039,43.016163,344
s1489484410xb103aa1d5aee85x29177039,43.085168,344
s1489484410xb103aa1d5aee85x29177039,43.226170,343
s1489484410xb103aa1d5aee85x29177039,43.307724,343
s1489484410xb103aa1d5aee85x29177039,43.393519,342
s1489484410xb103aa1d5aee85x29177039,43.506570,341
s1489484410xb103aa1d5aee85x29177039,43.614215,341
s1489484410xb103aa1d5aee85x29177039,43.702555,342
s1489484410xb103aa1d5aee85x29177039,43.804487,342
s1489484410xb103aa1d5aee85x29177039,43.945534,342
s1489484410xb103aa1d5aee85x29177039,44.011313,342
s1489484410xb103aa1d5aee85x29177039,44.107164,343
s1489484410xb103aa1d5aee85x29177039,44.215911,343
s1489484410xb103aa1d5aee85x29177039,44.321326,343
s1489484410xb103aa1d5aee85x29177039,44.447066,343
s1489484410xb103aa1d5aee85x29177039,44.503690,343
s1489484410xb103aa1d5aee85x29177039,44.589113,343
s1489484410xb103aa1d5aee85x29177039,44.714409,343
s1489484410xb103aa1d5aee85x29177039,44.785098,343
s1489484410xb103aa1d5aee85x29177039,44.884157,343
s1489484410xb103aa1d5aee85x29177039,44.984685,344
s1489484410xb103aa1d5aee85x29177039,45.105536,344
s1489484410xb103aa1d5aee85x29177039,45.208297,344
s1489484410xb103aa1d5aee85x29177039,45.318413,345
s1489484410xb103aa1d5aee85x29177039,45.398975,345
s1489484410xb103aa1d5aee85x29177039,45.493124,346
s1489484410xb103aa1d5aee85x29177039,45.619530,346
s1489484410xb103aa1d5aee85x29177039,45.683473,347
s1489484410xb103aa1d5aee85x29177039,45.783932,349
s1489484410xb103aa1d5aee85x29177039,45.884766,351
s1489484410xb103aa1d5aee85x29177039,46.012146,352
s1489484410xb103aa1d5aee85x29177039,46.086243,352
s1489484410xb103aa1d5aee85x29177039,46.213403,353
s1489484410xb103aa1d5aee85x29177039,46.301115,353
s1489484410xb103aa1d5aee85x29177039,46.415812,353
s1489484410xb103aa1d5aee85x29177039,46.518914,353
s1489484410xb103aa1d5aee85x29177039,46.605675,353
s1489484410xb103aa1d5aee85x29177039,46.693038,353
s1489484410xb103aa1d5aee85x29177039,46.808537,353
s1489484410xb103aa1d5aee85x29177039,46.921606,353
s1489484410xb103aa1d5aee85x29177039,47.007278,353
s1489484410xb103aa1d5aee85x29177039,47.102675,353
s1489484410xb103aa1d5aee85x29177039,47.222204,353
s1489484410xb103aa1d5aee85x29177039,47.305351,353
s1489484410xb103aa1d5aee85x29177039,47.385725,353
s1489484410xb103aa1d5aee85x29177039,47.498990,353
s1489484410xb103aa1d5aee85x29177039,47.583951,353
s1489484410xb103aa1d5aee85x29177039,47.683886,353
s1489484410xb103aa1d5aee85x29177039,47.828188,353
s1489484410xb103aa1d5aee85x29177039,47.925290,353
s1489484410xb103aa1d5aee85x29177039,48.014351,353
s1489484410xb103aa1d5aee85x29177039,48.083864,353
s1489484410xb103aa1d5aee85x29177039,48.197192,353
s1489484410xb103aa1d5aee85x29177039,48.300742,353
s1489484410xb103aa1d5aee85x29177039,48.408002,353
s1489484410xb103aa1d5aee85x29177039,48.503378,353
s1489484410xb103aa1d5aee85x29177039,48.593359,353
s1489484410xb103aa1d5aee85x29177039,48.684389,353
s1489484410xb103aa1d5aee85x29177039,48.783749,353
s1489484410xb103aa1d5aee85x29177039,48.926847,353
s1489484410xb103aa1d5aee85x29177039,49.010945,353
s1489484410xb103aa1d5aee85x29177039,49.114829,353
s1489484410xb103aa1d5aee85x29177039,49.199911,353
s1489484410xb103aa1d5aee85x29177039,49.288412,353
s1489484410xb103aa1d5aee85x29177039,49.383707,353
s1489484410xb103aa1d5aee85x29177039,49.505790,353
s1489484410xb103aa1d5aee85x29177039,49.627567,353
s1489484410xb103aa1d5aee85x29177039,49.685635,353
s1489484410xb103aa1d5aee85x29177039,49.792676,353
s1489484410xb103aa1d5aee85x29177039,49.907724,353
s1489484410xb103aa1d5aee85x29177039,49.989078,353
s1489484410xb103aa1d5aee85x29177039,50.083799,353
s1489484410xb103aa1d5aee85x29177039,50.184044,353
s1489484410xb103aa1d5aee85x29177039,50.285337,353
s1489484410xb103aa1d5aee85x29177039,50.383912,353
s1489484410xb103aa1d5aee85x29177039,50.490655,353
s1489484410xb103aa1d5aee85x29177039,50.589815,353
s1489484410xb103aa1d5aee85x29177039,50.708245,353
s1489484410xb103aa1d5aee85x29177039,50.826590,352
s1489484410xb103aa1d5aee85x29177039,50.918174,351
s1489484410xb103aa1d5aee85x29177039,51.019053,349
s1489484410xb103aa1d5aee85x29177039,51.136066,347
s1489484410xb103aa1d5aee85x29177039,51.224841,344
s1489484410xb103aa1d5aee85x29177039,51.287883,342
s1489484410xb103aa1d5aee85x29177039,51.424303,340
s1489484410xb103aa1d5aee85x29177039,51.525333,340
s1489484410xb103aa1d5aee85x29177039,51.588892,339
s1489484410xb103aa1d5aee85x29177039,51.683880,339
s1489484410xb103aa1d5aee85x29177039,51.836334,338
s1489484410xb103aa1d5aee85x29177039,51.885077,339
s1489484410xb103aa1d5aee85x29177039,52.003961,339
s1489484410xb103aa1d5aee85x29177039,52.085046,339
s1489484410xb103aa1d5aee85x29177039,52.214782,339
s1489484410xb103aa1d5aee85x29177039,52.290553,339
s1489484410xb103aa1d5aee85x29177039,52.391255,339
s1489484410xb103aa1d5aee85x29177039,52.484399,340
s1489484410xb103aa1d5aee85x29177039,52.621536,341
s1489484410xb103aa1d5aee85x29177039,52.698615,341
s1489484410xb103aa1d5aee85x29177039,52.848855,342
s1489484410xb103aa1d5aee85x29177039,52.886489,342
s1489484410xb103aa1d5aee85x29177039,52.996492,342
s1489484410xb103aa1d5aee85x29177039,53.083897,343
s1489484410xb103aa1d5aee85x29177039,53.223586,342
s1489484410xb103aa1d5aee85x29177039,53.316340,342
s1489484410xb103aa1d5aee85x29177039,53.393240,342
s1489484410xb103aa1d5aee85x29177039,53.488338,342
s1489484410xb103aa1d5aee85x29177039,53.596016,342
s1489484410xb103aa1d5aee85x29177039,53.720567,342
s1489484410xb103aa1d5aee85x29177039,53.824293,341
s1489484410xb103aa1d5aee85x29177039,53.920559,342
s1489484410xb103aa1d5aee85x29177039,53.989562,342
s1489484410xb103aa1d5aee85x29177039,54.084038,340
s1489484410xb103aa1d5aee85x29177039,54.186689,337
s1489484410xb103aa1d5aee85x29177039,54.293527,335
s1489484410xb103aa1d5aee85x29177039,54.408847,333
s1489484410xb103aa1d5aee85x29177039,54.527422,333
s1489484410xb103aa1d5aee85x29177039,54.593004,333
s1489484410xb103aa1d5aee85x29177039,54.697546,333
s1489484410xb103aa1d5aee85x29177039,54.802903,333
s1489484410xb103aa1d5aee85x29177039,54.884271,333
s1489484410xb103aa1d5aee85x29177039,54.983845,333
s1489484410xb103aa1d5aee85x29177039,55.108714,333
s1489484410xb103aa1d5aee85x29177039,55.232883,333
s1489484410xb103aa1d5aee85x29177039,55.301723,333
s1489484410xb103aa1d5aee85x29177039,55.413615,333
s1489484410xb103aa1d5aee85x29177039,55.500948,335
s1489484410xb103aa1d5aee85x29177039,55.603169,335
s1489484410xb103aa1d5aee85x29177039,55.731312,335
s1489484410xb103aa1d5aee85x29177039,55.795190,335
s1489484410xb103aa1d5aee85x29177039,55.884326,335
s1489484410xb103aa1d5aee85x29177039,55.991084,334
s1489484410xb103aa1d5aee85x29177039,56.121159,334
s1489484410xb103aa1d5aee85x29177039,56.223061,333
s1489484410xb103aa1d5aee85x29177039,56.322055,333
s1489484410xb103aa1d5aee85x29177039,56.385727,332
s1489484410xb103aa1d5aee85x29177039,56.484320,333
s1489484410xb103aa1d5aee85x29177039,56.585718,332
s1489484410xb103aa1d5aee85x29177039,56.684137,332
s1489484410xb103aa1d5aee85x29177039,56.787610,333
s1489484410xb103aa1d5aee85x29177039,56.908554,333
s1489484410xb103aa1d5aee85x29177039,57.008056,333
s1489484410xb103aa1d5aee85x29177039,57.136752,333
s1489484410xb103aa1d5aee85x29177039,57.198967,333
s1489484410xb103aa1d5aee85x29177039,57.284278,333
s1489484410xb103aa1d5aee85x29177039,57.414377,333
s1489484410xb103aa1d5aee85x29177039,57.487625,333
s1489484410xb103aa1d5aee85x29177039,57.623564,333
s1489484410xb103aa1d5aee85x29177039,57.730594,333
s1489484410xb103aa1d5aee85x29177039,57.809057,333
s1489484410xb103aa1d5aee85x29177039,57.884244,333
s1489484410xb103aa1d5aee85x29177039,57.992454,333
s1489484410xb103aa1d5aee85x29177039,58.084871,333
s1489484410xb103aa1d5aee85x29177039,58.184027,333
s1489484410xb103aa1d5aee85x29177039,58.284328,334
s1489484410xb103aa1d5aee85x29177039,58.410934,334
s1489484410xb103aa1d5aee85x29177039,58.522790,334
s1489484410xb103aa1d5aee85x29177039,58.604667,334
s1489484410xb103aa1d5aee85x29177039,58.699216,334
s1489484410xb103aa1d5aee85x29177039,58.784999,334
s1489484410xb103aa1d5aee85x29177039,58.903272,334
s1489484410xb103aa1d5aee85x29177039,58.985664,334
s1489484410xb103aa1d5aee85x29177039,59.086490,334
s1489484410xb103aa1d5aee85x29177039,59.189534,335
s1489484410xb103aa1d5aee85x29177039,59.308775,335
s1489484410xb103aa1d5aee85x29177039,59.404058,335
s1489484410xb103aa1d5aee85x29177039,59.485805,335
s1489484410xb103aa1d5aee85x29177039,59.587358,335
s1489484410xb103aa1d5aee85x29177039,59.708412,335
s1489484410xb103aa1d5aee85x29177039,59.801940,335
s1489484410xb103aa1d5aee85x29177039,59.902791,335
